[{"model": "builder.section", "pk": 1, "fields": {"name": "inicio", "slug": "inicio", "order": 0}}, {"model": "builder.section", "pk": 2, "fields": {"name": "nosotros", "slug": "nosotros", "order": 0}}, {"model": "builder.block", "pk": 1, "fields": {"name": "block1 - slider", "order": 0, "section": 1}}, {"model": "builder.block", "pk": 2, "fields": {"name": "block2 - products", "order": 0, "section": 1}}, {"model": "builder.block", "pk": 3, "fields": {"name": "block 3 - location", "order": 0, "section": 1}}, {"model": "builder.block", "pk": 4, "fields": {"name": "block1 - banner", "order": 0, "section": 2}}, {"model": "builder.block", "pk": 5, "fields": {"name": "block2 - compromiso", "order": 0, "section": 2}}, {"model": "builder.block", "pk": 6, "fields": {"name": "block 3 - quienes somos", "order": 0, "section": 2}}, {"model": "builder.block", "pk": 7, "fields": {"name": "block4 - mobiliario", "order": 0, "section": 2}}, {"model": "builder.slide", "pk": 1, "fields": {"image": "/images/placeholder.png", "title": "El estilo no se hereda", "button_title": "Productos", "button_url": "/productos", "block": 1}}, {"model": "builder.slide", "pk": 2, "fields": {"image": "/images/placeholder.png", "title": "El estilo no se hereda", "button_title": "Productos", "button_url": "/productos", "block": 1}}, {"model": "builder.slide", "pk": 3, "fields": {"image": "/images/placeholder.png", "title": "El estilo no se hereda", "button_title": "Productos", "button_url": "/productos", "block": 1}}, {"model": "builder.title", "pk": 1, "fields": {"content": "LIVINGROOM", "block": 2}}, {"model": "builder.title", "pk": 2, "fields": {"content": "DINING", "block": 2}}, {"model": "builder.title", "pk": 3, "fields": {"content": "BEDROOM", "block": 2}}, {"model": "builder.title", "pk": 4, "fields": {"content": "NUESTRO COMPROMISO", "block": 2}}, {"model": "builder.title", "pk": 5, "fields": {"content": "VISITA NUESTRO SHOWROOM EN TIJUANA", "block": 3}}, {"model": "builder.title", "pk": 6, "fields": {"content": "MOBILIARIO CONTEMPORA\u0301NEO", "block": 4}}, {"model": "builder.title", "pk": 7, "fields": {"content": "NUESTRO COMPROMISO", "block": 5}}, {"model": "builder.title", "pk": 8, "fields": {"content": "QUIE\u0301NES SOMOS", "block": 6}}, {"model": "builder.title", "pk": 9, "fields": {"content": "MOBILIARIO NOTABLE", "block": 7}}, {"model": "builder.title", "pk": 10, "fields": {"content": "DISEN\u0303O U\u0301NICO", "block": 7}}, {"model": "builder.title", "pk": 11, "fields": {"content": "COORDINACIO\u0301N", "block": 7}}, {"model": "builder.title", "pk": 12, "fields": {"content": "CALIDAD", "block": 7}}, {"model": "builder.paragraph", "pk": 1, "fields": {"content": "En Notable ma\u0301s alla\u0301 de adquirir un mueble de calidad, esta\u0301s comprando una pieza de disen\u0303o tan bella, funcional y confortable, que sabemos que vivira\u0301s en ella momentos inolvidables.", "block": 2}}, {"model": "builder.paragraph", "pk": 2, "fields": {"content": "Disen\u0303amos mobiliario contempora\u0301neo con el objetivo de crear espacios u\u0301nicos y confortables.", "block": 4}}, {"model": "builder.paragraph", "pk": 3, "fields": {"content": "Crear mobiliario contempora\u0301neo que cautive por la belleza de su disen\u0303o, sorprenda por su comodidad y que presuma la calidad de sus materiales.", "block": 5}}, {"model": "builder.paragraph", "pk": 4, "fields": {"content": "Somos una marca de muebles e interiores contempora\u0301neos, destinada a crear espacios u\u0301nicos y confortables, ofreciendo disen\u0303o u\u0301nico, coordinacio\u0301n y calidad. NOTABLE surge en el 2015 en Tijuana B.C. Me\u0301xico, fundada por arquitectos apasionados por el disen\u0303o de mobiliario y espacios.", "block": 6}}, {"model": "builder.paragraph", "pk": 5, "fields": {"content": "Porque somos una empresa de disen\u0303o y cada pieza es creada\r\npor el equipo de Notable.", "block": 7}}, {"model": "builder.paragraph", "pk": 6, "fields": {"content": "Porque todas las piezas esta\u0301n ideadas como un todo para conjugarse en diversos espacios.", "block": 7}}, {"model": "builder.paragraph", "pk": 7, "fields": {"content": "Porque cada uno de los materiales son seleccionados por su durabili- dad y calidad este\u0301tica, y a su vez, tratados por manos expertas.", "block": 7}}, {"model": "builder.image", "pk": 1, "fields": {"src": "/images/placeholder.png", "alt": "ver productos", "block": 2}}, {"model": "builder.image", "pk": 2, "fields": {"src": "/images/placeholder.png", "alt": "ver productos", "block": 2}}, {"model": "builder.image", "pk": 3, "fields": {"src": "/images/placeholder.png", "alt": "ver productos", "block": 2}}, {"model": "builder.image", "pk": 4, "fields": {"src": "/images/placeholder.png", "alt": "ubicacion", "block": 3}}, {"model": "builder.image", "pk": 5, "fields": {"src": "/images/placeholder.png", "alt": "MOBILIARIO CONTEMPORA\u0301NEO", "block": 4}}, {"model": "builder.image", "pk": 6, "fields": {"src": "/images/placeholder.png", "alt": "NUESTRO COMPROMISO", "block": 5}}, {"model": "builder.button", "pk": 1, "fields": {"href": "/productos", "title": "Ver productos", "block": 2}}, {"model": "builder.button", "pk": 2, "fields": {"href": "/productos", "title": "Ver productos", "block": 2}}, {"model": "builder.button", "pk": 3, "fields": {"href": "/productos", "title": "Ver productos", "block": 2}}, {"model": "builder.button", "pk": 4, "fields": {"href": "/ubicacion", "title": "UBICACIO\u0301N", "block": 3}}, {"model": "builder.button", "pk": 5, "fields": {"href": "/contacto", "title": "CONTA\u0301CTANOS", "block": 5}}]