[{"fields": {"model": "logentry", "app_label": "admin"}, "model": "contenttypes.contenttype", "pk": 1}, {"fields": {"model": "permission", "app_label": "auth"}, "model": "contenttypes.contenttype", "pk": 2}, {"fields": {"model": "group", "app_label": "auth"}, "model": "contenttypes.contenttype", "pk": 3}, {"fields": {"model": "user", "app_label": "auth"}, "model": "contenttypes.contenttype", "pk": 4}, {"fields": {"model": "contenttype", "app_label": "contenttypes"}, "model": "contenttypes.contenttype", "pk": 5}, {"fields": {"model": "session", "app_label": "sessions"}, "model": "contenttypes.contenttype", "pk": 6}, {"fields": {"model": "corsmodel", "app_label": "corsheaders"}, "model": "contenttypes.contenttype", "pk": 7}, {"fields": {"model": "section", "app_label": "builder"}, "model": "contenttypes.contenttype", "pk": 8}, {"fields": {"model": "block", "app_label": "builder"}, "model": "contenttypes.contenttype", "pk": 9}, {"fields": {"model": "slide", "app_label": "builder"}, "model": "contenttypes.contenttype", "pk": 10}, {"fields": {"model": "title", "app_label": "builder"}, "model": "contenttypes.contenttype", "pk": 11}, {"fields": {"model": "paragraph", "app_label": "builder"}, "model": "contenttypes.contenttype", "pk": 12}, {"fields": {"model": "image", "app_label": "builder"}, "model": "contenttypes.contenttype", "pk": 13}, {"fields": {"model": "button", "app_label": "builder"}, "model": "contenttypes.contenttype", "pk": 14}, {"fields": {"expire_date": "2016-07-04T23:02:26.519Z", "session_data": "ZmZmMWVlMmUwNGRlODFjNTdjMzMwYjM3YzMxMGEyNWNmZmI3NmM3Mzp7Il9hdXRoX3VzZXJfaGFzaCI6ImVkODMyMzRlNjhiN2MzZGRkNGNjOTYwM2RhMGI0NjkyMWY2YTM2YzIiLCJfYXV0aF91c2VyX2JhY2tlbmQiOiJkamFuZ28uY29udHJpYi5hdXRoLmJhY2tlbmRzLk1vZGVsQmFja2VuZCIsIl9hdXRoX3VzZXJfaWQiOiI0In0="}, "model": "sessions.session", "pk": "54qjhr127yg4loi8sef88d0a36y2af6i"}, {"fields": {"expire_date": "2016-05-04T18:53:26.567Z", "session_data": "OTAyODhiZWZhZTA3NWMyYTY5YTQyNGQ2ODQ1OWUzY2ZhYjQ5ZWRhODp7Il9hdXRoX3VzZXJfaGFzaCI6ImM0ZmNkYzQ3OGMxZDYyNGY5Nzg4Y2NmYmM1YmNhYzQ2NjMzYWIzYjIiLCJfYXV0aF91c2VyX2JhY2tlbmQiOiJkamFuZ28uY29udHJpYi5hdXRoLmJhY2tlbmRzLk1vZGVsQmFja2VuZCIsIl9hdXRoX3VzZXJfaWQiOiIxIn0="}, "model": "sessions.session", "pk": "b3v50mv9pvt3suoct25ux8snso7hby8u"}, {"fields": {"expire_date": "2016-05-12T03:35:06.939Z", "session_data": "OTAyODhiZWZhZTA3NWMyYTY5YTQyNGQ2ODQ1OWUzY2ZhYjQ5ZWRhODp7Il9hdXRoX3VzZXJfaGFzaCI6ImM0ZmNkYzQ3OGMxZDYyNGY5Nzg4Y2NmYmM1YmNhYzQ2NjMzYWIzYjIiLCJfYXV0aF91c2VyX2JhY2tlbmQiOiJkamFuZ28uY29udHJpYi5hdXRoLmJhY2tlbmRzLk1vZGVsQmFja2VuZCIsIl9hdXRoX3VzZXJfaWQiOiIxIn0="}, "model": "sessions.session", "pk": "f93ru6iyvc22eqvor928vbu82gfgll0r"}, {"fields": {"expire_date": "2016-05-04T23:12:27.446Z", "session_data": "Y2FiOTJkMDMxY2VhMThmZTU5ZmRjNjBkM2IxOTg4MWZjN2JjZGFiMDp7Il9hdXRoX3VzZXJfaGFzaCI6IjIzNjI2YTBhYTE5NDNhYjM1ZjgyYmQzMGRhNGM0NDAyMTEzZWI5YzQiLCJfYXV0aF91c2VyX2JhY2tlbmQiOiJkamFuZ28uY29udHJpYi5hdXRoLmJhY2tlbmRzLk1vZGVsQmFja2VuZCIsIl9hdXRoX3VzZXJfaWQiOiIzIn0="}, "model": "sessions.session", "pk": "h042r3tzvwuz5dz4iajdoxbhx1wpoyy8"}, {"fields": {"expire_date": "2016-06-28T22:37:52.168Z", "session_data": "OTAyODhiZWZhZTA3NWMyYTY5YTQyNGQ2ODQ1OWUzY2ZhYjQ5ZWRhODp7Il9hdXRoX3VzZXJfaGFzaCI6ImM0ZmNkYzQ3OGMxZDYyNGY5Nzg4Y2NmYmM1YmNhYzQ2NjMzYWIzYjIiLCJfYXV0aF91c2VyX2JhY2tlbmQiOiJkamFuZ28uY29udHJpYi5hdXRoLmJhY2tlbmRzLk1vZGVsQmFja2VuZCIsIl9hdXRoX3VzZXJfaWQiOiIxIn0="}, "model": "sessions.session", "pk": "nfy84l7v530jwtfpl0p84orlvdxay5vu"}, {"fields": {"expire_date": "2016-06-07T02:10:10.246Z", "session_data": "OTAyODhiZWZhZTA3NWMyYTY5YTQyNGQ2ODQ1OWUzY2ZhYjQ5ZWRhODp7Il9hdXRoX3VzZXJfaGFzaCI6ImM0ZmNkYzQ3OGMxZDYyNGY5Nzg4Y2NmYmM1YmNhYzQ2NjMzYWIzYjIiLCJfYXV0aF91c2VyX2JhY2tlbmQiOiJkamFuZ28uY29udHJpYi5hdXRoLmJhY2tlbmRzLk1vZGVsQmFja2VuZCIsIl9hdXRoX3VzZXJfaWQiOiIxIn0="}, "model": "sessions.session", "pk": "olausow9zub4y53nirg1de6iiqs93zw7"}, {"fields": {"expire_date": "2016-06-08T18:37:17.926Z", "session_data": "OTAyODhiZWZhZTA3NWMyYTY5YTQyNGQ2ODQ1OWUzY2ZhYjQ5ZWRhODp7Il9hdXRoX3VzZXJfaGFzaCI6ImM0ZmNkYzQ3OGMxZDYyNGY5Nzg4Y2NmYmM1YmNhYzQ2NjMzYWIzYjIiLCJfYXV0aF91c2VyX2JhY2tlbmQiOiJkamFuZ28uY29udHJpYi5hdXRoLmJhY2tlbmRzLk1vZGVsQmFja2VuZCIsIl9hdXRoX3VzZXJfaWQiOiIxIn0="}, "model": "sessions.session", "pk": "sfgc50rpme3rzerdnp6uza99lnrtv0ni"}, {"fields": {"order": 0, "name": "inicio", "slug": "inicio"}, "model": "builder.section", "pk": 1}, {"fields": {"order": 0, "name": "nosotros", "slug": "nosotros"}, "model": "builder.section", "pk": 2}, {"fields": {"order": 0, "name": "productos", "slug": "productos"}, "model": "builder.section", "pk": 3}, {"fields": {"order": 0, "name": "servicios", "slug": "servicios"}, "model": "builder.section", "pk": 4}, {"fields": {"order": 0, "name": "contacto", "slug": "contacto"}, "model": "builder.section", "pk": 5}, {"fields": {"section": 1, "name": "block1 - slider", "order": 0}, "model": "builder.block", "pk": 1}, {"fields": {"section": 1, "name": "block 2 - products", "order": 0}, "model": "builder.block", "pk": 2}, {"fields": {"section": 2, "name": "block1 - banner", "order": 0}, "model": "builder.block", "pk": 4}, {"fields": {"section": 2, "name": "block 2 - compromiso", "order": 0}, "model": "builder.block", "pk": 5}, {"fields": {"section": 2, "name": "block 3 - quienes somos", "order": 0}, "model": "builder.block", "pk": 6}, {"fields": {"section": 2, "name": "block4 - mobiliario", "order": 0}, "model": "builder.block", "pk": 7}, {"fields": {"section": 1, "name": "block 3 - compromiso", "order": 0}, "model": "builder.block", "pk": 8}, {"fields": {"section": 1, "name": "block 4 - ubicacion", "order": 0}, "model": "builder.block", "pk": 9}, {"fields": {"section": 3, "name": "block1 - slider", "order": 0}, "model": "builder.block", "pk": 10}, {"fields": {"section": 3, "name": "block2 - detalles", "order": 0}, "model": "builder.block", "pk": 11}, {"fields": {"section": 3, "name": "block 3 - slider livingroom", "order": 0}, "model": "builder.block", "pk": 12}, {"fields": {"section": 3, "name": "block 4 - slider dining", "order": 0}, "model": "builder.block", "pk": 13}, {"fields": {"section": 3, "name": "block 5 - slider bedroom", "order": 0}, "model": "builder.block", "pk": 14}, {"fields": {"section": 3, "name": "block 6 - showroom", "order": 0}, "model": "builder.block", "pk": 15}, {"fields": {"section": 4, "name": "block 1 - banner", "order": 0}, "model": "builder.block", "pk": 16}, {"fields": {"section": 4, "name": "block 2 - DISE\u00d1O CONTEMPOR\u00c1NEO", "order": 0}, "model": "builder.block", "pk": 17}, {"fields": {"section": 4, "name": "block 3 - proceso", "order": 0}, "model": "builder.block", "pk": 18}, {"fields": {"section": 5, "name": "block 1 - mapa", "order": 0}, "model": "builder.block", "pk": 19}, {"fields": {"section": 5, "name": "block 2 - info", "order": 0}, "model": "builder.block", "pk": 20}, {"fields": {"title": "El estilo no se hereda", "image": "https://www.dropbox.com/s/h7wfrs9280j2yxl/Img-Banner-EstiloNoSeHereda-Slide1.jpg?dl=0", "content": "", "button_title": "Productos", "button_url": "/productos", "block": 1}, "model": "builder.slide", "pk": 1}, {"fields": {"title": "DISE\u00d1O DE INTERIORES", "image": "https://www.dropbox.com/s/dyimn062h0r403b/Img-Banner-DisenoInteriores-Slide2.jpg?dl=0", "content": "", "button_title": "SERVICIOS", "button_url": "/servicios", "block": 1}, "model": "builder.slide", "pk": 2}, {"fields": {"title": "MOBILIARIO CONTEMPOR\u00c1NEO", "image": "https://www.dropbox.com/s/z0ch7kalfvu5t92/Img-Banner-MobiliarioContemporaneo-Slide3.jpg?dl=0", "content": "", "button_title": "Productos", "button_url": "/productos", "block": 1}, "model": "builder.slide", "pk": 3}, {"fields": {"title": "", "image": "https://www.dropbox.com/s/dfy96d3kh8nmak4/Img_Banner-Slide1-Bed.jpg?dl=0", "content": "", "button_title": "", "button_url": "", "block": 10}, "model": "builder.slide", "pk": 4}, {"fields": {"title": "", "image": "https://www.dropbox.com/s/18imc4gu553rhkp/Img_Banner-Slide2-Living.jpg?dl=0", "content": "", "button_title": "", "button_url": "", "block": 10}, "model": "builder.slide", "pk": 5}, {"fields": {"title": "", "image": "https://www.dropbox.com/s/hezderezzwemkph/Img_Banner-Slide3-Dining.jpg?dl=0", "content": "", "button_title": "", "button_url": "", "block": 10}, "model": "builder.slide", "pk": 6}, {"fields": {"title": "Luso", "image": "https://www.dropbox.com/s/h8rdgjwnz4626h3/Img-Product-Luso-Living.jpg?dl=0", "content": "En esta secci\u00f3n mostramos las piezas m\u00e1s recientes y destacadas de la temporada, conoce a detalle nuestras colecciones descargando nuestro cat\u00e1logo completo.", "button_title": "CONTA\u0301CTANOS", "button_url": "/contacto", "block": 12}, "model": "builder.slide", "pk": 7}, {"fields": {"title": "Leia", "image": "https://www.dropbox.com/s/5903ethr5kwthvf/Img-Product-Leira-Living.jpg?dl=0", "content": "En esta secci\u00f3n mostramos las piezas m\u00e1s recientes y destacadas de la temporada, conoce a detalle nuestras colecciones descargando nuestro cat\u00e1logo completo.", "button_title": "CONT\u00c1CTANOS", "button_url": "/contacto", "block": 12}, "model": "builder.slide", "pk": 8}, {"fields": {"title": "Lyon", "image": "https://www.dropbox.com/s/bzvxjpbcwnqz00l/Img-Product-Lyon-Dining.jpg?dl=0", "content": "En esta secci\u00f3n mostramos las piezas m\u00e1s recientes y destacadas de la temporada, conoce a detalle nuestras colecciones descargando nuestro cat\u00e1logo completo.", "button_title": "CONT\u00c1CTANOS", "button_url": "/contacto", "block": 13}, "model": "builder.slide", "pk": 9}, {"fields": {"title": "Pavia", "image": "https://www.dropbox.com/s/6w2nov6b70cl35m/Img-Product-Pavia-Dining.jpg?dl=0", "content": "En esta secci\u00f3n mostramos las piezas m\u00e1s recientes y destacadas de la temporada, conoce a detalle nuestras colecciones descargando nuestro cat\u00e1logo completo.", "button_title": "CONT\u00c1CTANOS", "button_url": "/contacto", "block": 13}, "model": "builder.slide", "pk": 10}, {"fields": {"title": "Lugo", "image": "https://www.dropbox.com/s/9lmn4nhi2r2refg/Img-Product-Lugo2-Bedroom.jpg?dl=0", "content": "En esta secci\u00f3n mostramos las piezas m\u00e1s recientes y destacadas de la temporada, conoce a detalle nuestras colecciones descargando nuestro cat\u00e1logo completo.", "button_title": "CONT\u00c1CTANOS", "button_url": "/contacto", "block": 14}, "model": "builder.slide", "pk": 11}, {"fields": {"title": "Lugo", "image": "https://www.dropbox.com/s/jar6kozp8qhej8c/Img-Product-Lugo-Bedroom.jpg?dl=0", "content": "En esta secci\u00f3n mostramos las piezas m\u00e1s recientes y destacadas de la temporada, conoce a detalle nuestras colecciones descargando nuestro cat\u00e1logo completo.", "button_title": "CONT\u00c1CTANOS", "button_url": "/contacto", "block": 14}, "model": "builder.slide", "pk": 12}, {"fields": {"title": "", "image": "https://www.dropbox.com/s/4nqqjh0rsr19k7m/Img_Banner-Slide4-Living.jpg?dl=0", "content": "", "button_title": "", "button_url": "", "block": 10}, "model": "builder.slide", "pk": 13}, {"fields": {"title": "", "image": "https://www.dropbox.com/s/s07jozoy2z62v5m/Img-Boceto-interiores2.jpg?dl=0", "content": "", "button_title": "", "button_url": "", "block": 17}, "model": "builder.slide", "pk": 14}, {"fields": {"title": "", "image": "https://www.dropbox.com/s/mujzm1vjlixyyhn/Img-Boceto-interiores3.jpg?dl=0", "content": "", "button_title": "", "button_url": "", "block": 17}, "model": "builder.slide", "pk": 15}, {"fields": {"title": "", "image": "https://www.dropbox.com/s/f5lxla7gldg1se2/Img-Boceto-interiores4.jpg?dl=0", "content": "", "button_title": "", "button_url": "", "block": 17}, "model": "builder.slide", "pk": 16}, {"fields": {"title": "Maia", "image": "https://www.dropbox.com/s/pnhbuc9wtq4hi1c/Img-Product-Maia-Living.jpg?dl=0", "content": "En esta secci\u00f3n mostramos las piezas m\u00e1s recientes y destacadas de la temporada, conoce a detalle nuestras colecciones descargando nuestro cat\u00e1logo completo.", "button_title": "CONTA\u0301CTANOS", "button_url": "/contacto", "block": 12}, "model": "builder.slide", "pk": 17}, {"fields": {"title": "Ordes", "image": "https://www.dropbox.com/s/wqheyutctb2tagw/Img-Product-Ordes-Living.jpg?dl=0", "content": "En esta secci\u00f3n mostramos las piezas m\u00e1s recientes y destacadas de la temporada, conoce a detalle nuestras colecciones descargando nuestro cat\u00e1logo completo.", "button_title": "CONTA\u0301CTANOS", "button_url": "/contacto", "block": 12}, "model": "builder.slide", "pk": 18}, {"fields": {"title": "Sintra", "image": "https://www.dropbox.com/s/ff56ih695tsp1yb/Img-Product-Sintra-Living.jpg?dl=0", "content": "En esta secci\u00f3n mostramos las piezas m\u00e1s recientes y destacadas de la temporada, conoce a detalle nuestras colecciones descargando nuestro cat\u00e1logo completo.", "button_title": "CONTA\u0301CTANOS", "button_url": "/contacto", "block": 12}, "model": "builder.slide", "pk": 19}, {"fields": {"title": "Alessio", "image": "https://www.dropbox.com/s/1od69hkreqn54h9/Img-Product-Alassio-Living.jpg?dl=0", "content": "En esta secci\u00f3n mostramos las piezas m\u00e1s recientes y destacadas de la temporada, conoce a detalle nuestras colecciones descargando nuestro cat\u00e1logo completo.", "button_title": "CONTA\u0301CTANOS", "button_url": "/contacto", "block": 12}, "model": "builder.slide", "pk": 20}, {"fields": {"title": "Alessio", "image": "https://www.dropbox.com/s/1od69hkreqn54h9/Img-Product-Alassio-Living.jpg?dl=0", "content": "En esta secci\u00f3n mostramos las piezas m\u00e1s recientes y destacadas de la temporada, conoce a detalle nuestras colecciones descargando nuestro cat\u00e1logo completo.", "button_title": "CONTA\u0301CTANOS", "button_url": "/contacto", "block": 12}, "model": "builder.slide", "pk": 21}, {"fields": {"title": "Almeira", "image": "https://www.dropbox.com/s/wiwtwsa05bcutiy/Img-Product-Almeira-Living.jpg?dl=0", "content": "En esta secci\u00f3n mostramos las piezas m\u00e1s recientes y destacadas de la temporada, conoce a detalle nuestras colecciones descargando nuestro cat\u00e1logo completo.", "button_title": "CONTA\u0301CTANOS", "button_url": "/contacto", "block": 12}, "model": "builder.slide", "pk": 22}, {"fields": {"title": "Braga", "image": "https://www.dropbox.com/s/hpcdvn83y7ev9ci/Img-Product-Braga-Living.jpg?dl=0", "content": "En esta secci\u00f3n mostramos las piezas m\u00e1s recientes y destacadas de la temporada, conoce a detalle nuestras colecciones descargando nuestro cat\u00e1logo completo.", "button_title": "CONTA\u0301CTANOS", "button_url": "/contacto", "block": 12}, "model": "builder.slide", "pk": 23}, {"fields": {"title": "Breto", "image": "https://www.dropbox.com/s/kardqjls2r1dq41/Img-Product-Breto-Living.jpg?dl=0", "content": "En esta secci\u00f3n mostramos las piezas m\u00e1s recientes y destacadas de la temporada, conoce a detalle nuestras colecciones descargando nuestro cat\u00e1logo completo.", "button_title": "CONTA\u0301CTANOS", "button_url": "/contacto", "block": 12}, "model": "builder.slide", "pk": 24}, {"fields": {"title": "Brion", "image": "https://www.dropbox.com/s/3u60rv1kiypk1wz/Img-Product-Brion-Livng.jpg?dl=0", "content": "En esta secci\u00f3n mostramos las piezas m\u00e1s recientes y destacadas de la temporada, conoce a detalle nuestras colecciones descargando nuestro cat\u00e1logo completo.", "button_title": "CONTA\u0301CTANOS", "button_url": "/contacto", "block": 12}, "model": "builder.slide", "pk": 25}, {"fields": {"title": "Brion", "image": "https://www.dropbox.com/s/wn5y7ovpwfv74ja/Img-Product-Jean-Living.jpg?dl=0", "content": "En esta secci\u00f3n mostramos las piezas m\u00e1s recientes y destacadas de la temporada, conoce a detalle nuestras colecciones descargando nuestro cat\u00e1logo completo.", "button_title": "CONTA\u0301CTANOS", "button_url": "/contacto", "block": 12}, "model": "builder.slide", "pk": 26}, {"fields": {"title": "Arezzo", "image": "https://www.dropbox.com/s/w9vfp61q2ovy2es/Img-Product-Arezzo-Dining.jpg?dl=0", "content": "En esta secci\u00f3n mostramos las piezas m\u00e1s recientes y destacadas de la temporada, conoce a detalle nuestras colecciones descargando nuestro cat\u00e1logo completo.", "button_title": "CONT\u00c1CTANOS", "button_url": "/contacto", "block": 13}, "model": "builder.slide", "pk": 27}, {"fields": {"title": "Concorde", "image": "https://www.dropbox.com/s/s6u5qfptx7vc05z/Img-Product-Concorde-Dining.jpg?dl=0", "content": "En esta secci\u00f3n mostramos las piezas m\u00e1s recientes y destacadas de la temporada, conoce a detalle nuestras colecciones descargando nuestro cat\u00e1logo completo.", "button_title": "CONT\u00c1CTANOS", "button_url": "/contacto", "block": 13}, "model": "builder.slide", "pk": 28}, {"fields": {"title": "Coria", "image": "https://www.dropbox.com/s/3m3v9m8ky9osuct/Img-Product-Coria-Dining.jpg?dl=0", "content": "En esta secci\u00f3n mostramos las piezas m\u00e1s recientes y destacadas de la temporada, conoce a detalle nuestras colecciones descargando nuestro cat\u00e1logo completo.", "button_title": "CONT\u00c1CTANOS", "button_url": "/contacto", "block": 13}, "model": "builder.slide", "pk": 29}, {"fields": {"title": "Girona", "image": "https://www.dropbox.com/s/g634anah5opdcgo/Img-Product-Girona-Dining.jpg?dl=0", "content": "En esta secci\u00f3n mostramos las piezas m\u00e1s recientes y destacadas de la temporada, conoce a detalle nuestras colecciones descargando nuestro cat\u00e1logo completo.", "button_title": "CONT\u00c1CTANOS", "button_url": "/contacto", "block": 13}, "model": "builder.slide", "pk": 30}, {"fields": {"title": "Mantua", "image": "https://www.dropbox.com/s/hfedbebbl5awdbq/Img-Product-Mantua-Bedroom.jpg?dl=0", "content": "En esta secci\u00f3n mostramos las piezas m\u00e1s recientes y destacadas de la temporada, conoce a detalle nuestras colecciones descargando nuestro cat\u00e1logo completo.", "button_title": "CONT\u00c1CTANOS", "button_url": "/contacto", "block": 14}, "model": "builder.slide", "pk": 31}, {"fields": {"title": "Novara", "image": "https://www.dropbox.com/s/zoxa2x1d7d81r8a/Img-Product-Novara-Bedroom.jpg?dl=0", "content": "En esta secci\u00f3n mostramos las piezas m\u00e1s recientes y destacadas de la temporada, conoce a detalle nuestras colecciones descargando nuestro cat\u00e1logo completo.", "button_title": "CONT\u00c1CTANOS", "button_url": "/contacto", "block": 14}, "model": "builder.slide", "pk": 32}, {"fields": {"title": "Palermo", "image": "https://www.dropbox.com/s/8zxmb2y7yhp7m23/Img-Product-Palermo-Bedroom.jpg?dl=0", "content": "En esta secci\u00f3n mostramos las piezas m\u00e1s recientes y destacadas de la temporada, conoce a detalle nuestras colecciones descargando nuestro cat\u00e1logo completo.", "button_title": "CONT\u00c1CTANOS", "button_url": "/contacto", "block": 14}, "model": "builder.slide", "pk": 33}, {"fields": {"title": "Siena", "image": "https://www.dropbox.com/s/05c9c3onz1j32no/Img-Product-Siena-Bedroom.jpg?dl=0", "content": "En esta secci\u00f3n mostramos las piezas m\u00e1s recientes y destacadas de la temporada, conoce a detalle nuestras colecciones descargando nuestro cat\u00e1logo completo.", "button_title": "CONT\u00c1CTANOS", "button_url": "/contacto", "block": 14}, "model": "builder.slide", "pk": 34}, {"fields": {"title": "Varzi", "image": "https://www.dropbox.com/s/8xao0pkbsqwse4x/Img-Product-Varzi-Bedroom.jpg?dl=0", "content": "En esta secci\u00f3n mostramos las piezas m\u00e1s recientes y destacadas de la temporada, conoce a detalle nuestras colecciones descargando nuestro cat\u00e1logo completo.", "button_title": "CONT\u00c1CTANOS", "button_url": "/contacto", "block": 14}, "model": "builder.slide", "pk": 35}, {"fields": {"title": "Corval", "image": "https://www.dropbox.com/s/3vo71s2knhyr2en/Img-Product-Corval-Bedroom.jpg?dl=0", "content": "En esta secci\u00f3n mostramos las piezas m\u00e1s recientes y destacadas de la temporada, conoce a detalle nuestras colecciones descargando nuestro cat\u00e1logo completo.", "button_title": "CONT\u00c1CTANOS", "button_url": "/contacto", "block": 14}, "model": "builder.slide", "pk": 36}, {"fields": {"title": "Cassino", "image": "https://www.dropbox.com/s/jclgjd9ginfxwl1/Img-Product-Cassino-Bedroom.jpg?dl=0", "content": "En esta secci\u00f3n mostramos las piezas m\u00e1s recientes y destacadas de la temporada, conoce a detalle nuestras colecciones descargando nuestro cat\u00e1logo completo.", "button_title": "CONT\u00c1CTANOS", "button_url": "/contacto", "block": 14}, "model": "builder.slide", "pk": 37}, {"fields": {"title": "Finisterra", "image": "https://www.dropbox.com/s/za0wpwe0o9uy2dr/Img-Product-Finisterra-Bedroom.jpg?dl=0", "content": "En esta secci\u00f3n mostramos las piezas m\u00e1s recientes y destacadas de la temporada, conoce a detalle nuestras colecciones descargando nuestro cat\u00e1logo completo.", "button_title": "CONT\u00c1CTANOS", "button_url": "/contacto", "block": 14}, "model": "builder.slide", "pk": 38}, {"fields": {"title": "SHOWROOM", "image": "https://www.dropbox.com/s/xbkhv7rj3t4lpec/Img-ShowroomSlider-1.jpg?dl=0", "content": "", "button_title": "", "button_url": "", "block": 15}, "model": "builder.slide", "pk": 39}, {"fields": {"title": "SHOWROOM", "image": "https://www.dropbox.com/s/sau8w65f2racser/Img-ShowroomSlider-2.jpg?dl=0", "content": "", "button_title": "", "button_url": "", "block": 15}, "model": "builder.slide", "pk": 40}, {"fields": {"title": "SHOWROOM", "image": "https://www.dropbox.com/s/8ltn0514lsqyckp/Img-ShowroomSlider-3.jpg?dl=0", "content": "", "button_title": "", "button_url": "", "block": 15}, "model": "builder.slide", "pk": 41}, {"fields": {"title": "SHOWROOM", "image": "https://www.dropbox.com/s/07qe88lxuh79x2q/Img-ShowroomSlider-4.jpg?dl=0", "content": "", "button_title": "", "button_url": "", "block": 15}, "model": "builder.slide", "pk": 42}, {"fields": {"content": "LIVINGROOM", "block": 2}, "model": "builder.title", "pk": 1}, {"fields": {"content": "DINING", "block": 2}, "model": "builder.title", "pk": 2}, {"fields": {"content": "BEDROOM", "block": 2}, "model": "builder.title", "pk": 3}, {"fields": {"content": "MOBILIARIO CONTEMPOR\u00c1NEO", "block": 4}, "model": "builder.title", "pk": 6}, {"fields": {"content": "NUESTRO COMPROMISO", "block": 5}, "model": "builder.title", "pk": 7}, {"fields": {"content": "QUI\u00c9NES SOMOS", "block": 6}, "model": "builder.title", "pk": 8}, {"fields": {"content": "MOBILIARIO NOTABLE", "block": 7}, "model": "builder.title", "pk": 9}, {"fields": {"content": "DISE\u00d1O \u00daNICO", "block": 7}, "model": "builder.title", "pk": 10}, {"fields": {"content": "COORDINACI\u00d3N", "block": 7}, "model": "builder.title", "pk": 11}, {"fields": {"content": "CALIDAD", "block": 7}, "model": "builder.title", "pk": 12}, {"fields": {"content": "NUESTRO COMPROMISO", "block": 8}, "model": "builder.title", "pk": 13}, {"fields": {"content": "VISITA NUESTRO SHOWROOM EN TIJUANA", "block": 9}, "model": "builder.title", "pk": 14}, {"fields": {"content": "COLECCI\u00d3N NOTABLE", "block": 10}, "model": "builder.title", "pk": 15}, {"fields": {"content": "EL PODER DE LOS DETALLES", "block": 11}, "model": "builder.title", "pk": 16}, {"fields": {"content": "LIVINGROOM", "block": 12}, "model": "builder.title", "pk": 17}, {"fields": {"content": "DINING", "block": 13}, "model": "builder.title", "pk": 18}, {"fields": {"content": "BEDROOM", "block": 14}, "model": "builder.title", "pk": 19}, {"fields": {"content": "SHOWROOM", "block": 15}, "model": "builder.title", "pk": 20}, {"fields": {"content": "2016", "block": 10}, "model": "builder.title", "pk": 21}, {"fields": {"content": "DISE\u00d1O DE INTERIORES", "block": 16}, "model": "builder.title", "pk": 22}, {"fields": {"content": "DISE\u00d1O CONTEMPOR\u00c1NEO", "block": 17}, "model": "builder.title", "pk": 23}, {"fields": {"content": "NUESTRO PROCESO", "block": 18}, "model": "builder.title", "pk": 24}, {"fields": {"content": "ENTREVISTA", "block": 18}, "model": "builder.title", "pk": 25}, {"fields": {"content": "CONCEPTUALIZACI\u00d3N", "block": 18}, "model": "builder.title", "pk": 26}, {"fields": {"content": "PROYECTO", "block": 18}, "model": "builder.title", "pk": 27}, {"fields": {"content": "EJECUCI\u00d3N", "block": 18}, "model": "builder.title", "pk": 28}, {"fields": {"content": "INFORMACI\u00d3N DE CONTACTO", "block": 20}, "model": "builder.title", "pk": 29}, {"fields": {"content": "CONT\u00c1CTANOS", "block": 20}, "model": "builder.title", "pk": 30}, {"fields": {"content": "Disen\u0303amos mobiliario contempor\u00e1neo con el objetivo de crear espacios \u00fanicos y confortables.", "block": 4}, "model": "builder.paragraph", "pk": 2}, {"fields": {"content": "Crear mobiliario contempor\u00e1neo que cautive por la belleza de su disen\u0303o, sorprenda por su comodidad y que presuma la calidad de sus materiales.", "block": 5}, "model": "builder.paragraph", "pk": 3}, {"fields": {"content": "Somos una marca de muebles e interiores contempor\u00e1neos, destinada a crear espacios \u00fanicos y confortables, ofreciendo disen\u0303o \u00fanico, coordinacio\u0301n y calidad. NOTABLE surge en el 2015 en Tijuana B.C. Me\u0301xico, fundada por arquitectos apasionados por el disen\u0303o de mobiliario y espacios.", "block": 6}, "model": "builder.paragraph", "pk": 4}, {"fields": {"content": "Porque somos una empresa de dise\u00f1o y cada pieza es creada\r\npor el equipo de Notable.", "block": 7}, "model": "builder.paragraph", "pk": 5}, {"fields": {"content": "Porque todas las piezas est\u00e1n ideadas como un todo para conjugarse en diversos espacios.", "block": 7}, "model": "builder.paragraph", "pk": 6}, {"fields": {"content": "Porque cada uno de los materiales son seleccionados por su durabili- dad y calidad este\u0301tica, y a su vez, tratados por manos expertas.", "block": 7}, "model": "builder.paragraph", "pk": 7}, {"fields": {"content": "En Notable m\u00e1s all\u00e1 de adquirir un mueble de calidad, esta\u0301s comprando una pieza de dise\u00f1o tan bella, funcional y confortable, que sabemos que vivir\u00e1s en ella momentos inolvidables.", "block": 8}, "model": "builder.paragraph", "pk": 8}, {"fields": {"content": "Estilo contempora\u0301neo, gama de colores neutros, textiles de alta calidad y\r\nmaderas como nogal, encino, roble\r\ny metales como cromo y acero inoxidable.", "block": 10}, "model": "builder.paragraph", "pk": 9}, {"fields": {"content": "Cada una de nuestras piezas la fabricamos prestando especial atenci\u00f3n a cada uno de los detalles constructivos que la conforman, desde la seleccio\u0301n de materiales\r\nde la m\u00e1s alta calidad, hasta el ensamblaje y acabados finos.", "block": 11}, "model": "builder.paragraph", "pk": 10}, {"fields": {"content": "Visita nuestro showroom y conoce de cerca nuestros productos.", "block": 15}, "model": "builder.paragraph", "pk": 11}, {"fields": {"content": "Hacer realidad tus ideas para que puedas disfrutar durante an\u0303os de la armon\u00eda que proporciona una buena decoraci\u00f3n.", "block": 16}, "model": "builder.paragraph", "pk": 12}, {"fields": {"content": "En Notable ofrecemos el servicio de Dise\u00f1o de Interiores que consiste en descubrir las necesidades de nuestro cliente y poder lograr crear espacios funcionales, c\u00e1lidos, confortables y armoniosos.", "block": 17}, "model": "builder.paragraph", "pk": 13}, {"fields": {"content": "Reuni\u00f3n en donde conocemos las necesidades y gusto del cliente, as\u00ed como el espacio a trabajar.", "block": 18}, "model": "builder.paragraph", "pk": 14}, {"fields": {"content": "Primeras ideas, visualizaci\u00f3n de espacio, proponemos gama de colores, texturas, posibles piezas.", "block": 18}, "model": "builder.paragraph", "pk": 15}, {"fields": {"content": "Presentamos en proyecto para revisio\u0301n. Planos arquitect\u00f3nicos, visualizaci\u00f3n de espacios en 3D, muestras de acabados, selecci\u00f3n de muebles, presupuesto de ejecuci\u00f3n de proyecto.", "block": 18}, "model": "builder.paragraph", "pk": 16}, {"fields": {"content": "Coordinaci\u00f3n del equipo Nota- ble para desarrollar el dise\u00f1o proyectado.", "block": 18}, "model": "builder.paragraph", "pk": 17}, {"fields": {"content": "Av Hip\u00f3dromo 19-103, Colonia", "block": 20}, "model": "builder.paragraph", "pk": 18}, {"fields": {"content": "Hip\u00f3dromo Tijuana BC, CP. 22420", "block": 20}, "model": "builder.paragraph", "pk": 19}, {"fields": {"content": "T: 664 681 8284", "block": 20}, "model": "builder.paragraph", "pk": 20}, {"fields": {"content": "C: 044 (664) 219 8158", "block": 20}, "model": "builder.paragraph", "pk": 21}, {"fields": {"content": "Para cualquier pregunta o comentario sobre nuestros productos y servicios por favor completa la siguiente forma:", "block": 20}, "model": "builder.paragraph", "pk": 22}, {"fields": {"src": "/images/img_living.png", "alt": "ver productos", "block": 2}, "model": "builder.image", "pk": 1}, {"fields": {"src": "/images/img_dining.png", "alt": "ver productos", "block": 2}, "model": "builder.image", "pk": 2}, {"fields": {"src": "/images/img_bed.png", "alt": "ver productos", "block": 2}, "model": "builder.image", "pk": 3}, {"fields": {"src": "https://www.dropbox.com/s/fz0fgo91vodmn6c/Img-Banner-Slide1-Nosotros.jpg?dl=0", "alt": "MOBILIARIO CONTEMPOR\u00c1NEO", "block": 4}, "model": "builder.image", "pk": 5}, {"fields": {"src": "/images/nosotros-b2-fox.jpg", "alt": "NUESTRO COMPROMISO", "block": 5}, "model": "builder.image", "pk": 6}, {"fields": {"src": "https://www.dropbox.com/s/2h1varw7k7wtauj/Img-Showroom2.jpg?dl=0", "alt": "UBICACI\u00d3N", "block": 9}, "model": "builder.image", "pk": 7}, {"fields": {"src": "/images/productos-detalles.jpg", "alt": "el poder de los detalles", "block": 11}, "model": "builder.image", "pk": 8}, {"fields": {"src": "https://www.dropbox.com/s/dahx5rf9zj2vb0q/Img_Banner-Interiores.jpg?dl=0", "alt": "DISE\u00d1O DE INTERIORES", "block": 16}, "model": "builder.image", "pk": 10}, {"fields": {"src": "/images/contacto_map.jpg", "alt": "VER EN GOOGLE MAPS", "block": 19}, "model": "builder.image", "pk": 12}, {"fields": {"href": "/productos", "block": 2, "title": "Ver productos"}, "model": "builder.button", "pk": 1}, {"fields": {"href": "/productos", "block": 2, "title": "Ver productos"}, "model": "builder.button", "pk": 2}, {"fields": {"href": "/productos", "block": 2, "title": "Ver productos"}, "model": "builder.button", "pk": 3}, {"fields": {"href": "/contacto", "block": 5, "title": "CONT\u00c1CTANOS"}, "model": "builder.button", "pk": 5}, {"fields": {"href": "/contacto", "block": 9, "title": "UBICACI\u00d3N"}, "model": "builder.button", "pk": 6}, {"fields": {"href": "/contacto", "block": 10, "title": "CONT\u00c1CTANOS"}, "model": "builder.button", "pk": 7}, {"fields": {"href": "/contacto", "block": 15, "title": "UBICACI\u00d3N"}, "model": "builder.button", "pk": 8}, {"fields": {"href": "/contacto", "block": 17, "title": "CONT\u00c1CTANOS"}, "model": "builder.button", "pk": 9}, {"fields": {"href": "https://www.google.com.mx/maps/place/Hip%C3%B3dromo+20,+Hipodromo,+Tijuana,+B.C./@32.5073837,-116.9998885,19z/data=!3m1!4b1!4m2!3m1!1s0x80d9481b72e700cf:0x68dbb7def8274e25?hl=en", "block": 19, "title": "VER EN GOOGLE MAPS"}, "model": "builder.button", "pk": 10}, {"fields": {"href": "https://www.google.com.mx/maps/place/Hip%C3%B3dromo+20,+Hipodromo,+Tijuana,+B.C./@32.5073837,-116.9998885,19z/data=!3m1!4b1!4m2!3m1!1s0x80d9481b72e700cf:0x68dbb7def8274e25?hl=en", "block": 20, "title": "Ver en Google Maps"}, "model": "builder.button", "pk": 11}, {"fields": {"href": "https://www.facebook.com/notablemobiliario/", "block": 20, "title": "F: /NotableMobiliario"}, "model": "builder.button", "pk": 12}, {"fields": {"codename": "add_logentry", "name": "Can add log entry", "content_type": 1}, "model": "auth.permission", "pk": 1}, {"fields": {"codename": "change_logentry", "name": "Can change log entry", "content_type": 1}, "model": "auth.permission", "pk": 2}, {"fields": {"codename": "delete_logentry", "name": "Can delete log entry", "content_type": 1}, "model": "auth.permission", "pk": 3}, {"fields": {"codename": "add_permission", "name": "Can add permission", "content_type": 2}, "model": "auth.permission", "pk": 4}, {"fields": {"codename": "change_permission", "name": "Can change permission", "content_type": 2}, "model": "auth.permission", "pk": 5}, {"fields": {"codename": "delete_permission", "name": "Can delete permission", "content_type": 2}, "model": "auth.permission", "pk": 6}, {"fields": {"codename": "add_group", "name": "Can add group", "content_type": 3}, "model": "auth.permission", "pk": 7}, {"fields": {"codename": "change_group", "name": "Can change group", "content_type": 3}, "model": "auth.permission", "pk": 8}, {"fields": {"codename": "delete_group", "name": "Can delete group", "content_type": 3}, "model": "auth.permission", "pk": 9}, {"fields": {"codename": "add_user", "name": "Can add user", "content_type": 4}, "model": "auth.permission", "pk": 10}, {"fields": {"codename": "change_user", "name": "Can change user", "content_type": 4}, "model": "auth.permission", "pk": 11}, {"fields": {"codename": "delete_user", "name": "Can delete user", "content_type": 4}, "model": "auth.permission", "pk": 12}, {"fields": {"codename": "add_contenttype", "name": "Can add content type", "content_type": 5}, "model": "auth.permission", "pk": 13}, {"fields": {"codename": "change_contenttype", "name": "Can change content type", "content_type": 5}, "model": "auth.permission", "pk": 14}, {"fields": {"codename": "delete_contenttype", "name": "Can delete content type", "content_type": 5}, "model": "auth.permission", "pk": 15}, {"fields": {"codename": "add_session", "name": "Can add session", "content_type": 6}, "model": "auth.permission", "pk": 16}, {"fields": {"codename": "change_session", "name": "Can change session", "content_type": 6}, "model": "auth.permission", "pk": 17}, {"fields": {"codename": "delete_session", "name": "Can delete session", "content_type": 6}, "model": "auth.permission", "pk": 18}, {"fields": {"codename": "add_corsmodel", "name": "Can add cors model", "content_type": 7}, "model": "auth.permission", "pk": 19}, {"fields": {"codename": "change_corsmodel", "name": "Can change cors model", "content_type": 7}, "model": "auth.permission", "pk": 20}, {"fields": {"codename": "delete_corsmodel", "name": "Can delete cors model", "content_type": 7}, "model": "auth.permission", "pk": 21}, {"fields": {"codename": "add_section", "name": "Can add section", "content_type": 8}, "model": "auth.permission", "pk": 22}, {"fields": {"codename": "change_section", "name": "Can change section", "content_type": 8}, "model": "auth.permission", "pk": 23}, {"fields": {"codename": "delete_section", "name": "Can delete section", "content_type": 8}, "model": "auth.permission", "pk": 24}, {"fields": {"codename": "add_block", "name": "Can add block", "content_type": 9}, "model": "auth.permission", "pk": 25}, {"fields": {"codename": "change_block", "name": "Can change block", "content_type": 9}, "model": "auth.permission", "pk": 26}, {"fields": {"codename": "delete_block", "name": "Can delete block", "content_type": 9}, "model": "auth.permission", "pk": 27}, {"fields": {"codename": "add_slide", "name": "Can add slide", "content_type": 10}, "model": "auth.permission", "pk": 28}, {"fields": {"codename": "change_slide", "name": "Can change slide", "content_type": 10}, "model": "auth.permission", "pk": 29}, {"fields": {"codename": "delete_slide", "name": "Can delete slide", "content_type": 10}, "model": "auth.permission", "pk": 30}, {"fields": {"codename": "add_title", "name": "Can add title", "content_type": 11}, "model": "auth.permission", "pk": 31}, {"fields": {"codename": "change_title", "name": "Can change title", "content_type": 11}, "model": "auth.permission", "pk": 32}, {"fields": {"codename": "delete_title", "name": "Can delete title", "content_type": 11}, "model": "auth.permission", "pk": 33}, {"fields": {"codename": "add_paragraph", "name": "Can add paragraph", "content_type": 12}, "model": "auth.permission", "pk": 34}, {"fields": {"codename": "change_paragraph", "name": "Can change paragraph", "content_type": 12}, "model": "auth.permission", "pk": 35}, {"fields": {"codename": "delete_paragraph", "name": "Can delete paragraph", "content_type": 12}, "model": "auth.permission", "pk": 36}, {"fields": {"codename": "add_image", "name": "Can add image", "content_type": 13}, "model": "auth.permission", "pk": 37}, {"fields": {"codename": "change_image", "name": "Can change image", "content_type": 13}, "model": "auth.permission", "pk": 38}, {"fields": {"codename": "delete_image", "name": "Can delete image", "content_type": 13}, "model": "auth.permission", "pk": 39}, {"fields": {"codename": "add_button", "name": "Can add button", "content_type": 14}, "model": "auth.permission", "pk": 40}, {"fields": {"codename": "change_button", "name": "Can change button", "content_type": 14}, "model": "auth.permission", "pk": 41}, {"fields": {"codename": "delete_button", "name": "Can delete button", "content_type": 14}, "model": "auth.permission", "pk": 42}, {"fields": {"username": "admint", "first_name": "", "last_name": "", "is_active": true, "is_superuser": true, "is_staff": true, "last_login": "2016-06-14T22:37:52.161Z", "groups": [], "user_permissions": [], "password": "pbkdf2_sha256$20000$aFpKTmr42fcA$dD8t65PDyM/HkklCb7IpJq0L1NYe2WE6GtP3geWjA2o=", "email": "info@mintitmedia.com", "date_joined": "2016-04-20T16:43:34.357Z"}, "model": "auth.user", "pk": 1}, {"fields": {"username": "ari", "first_name": "", "last_name": "", "is_active": true, "is_superuser": false, "is_staff": true, "last_login": "2016-04-20T23:12:27.443Z", "groups": [], "user_permissions": [25, 26, 27, 40, 41, 42, 37, 38, 39, 34, 35, 36, 22, 23, 24, 28, 29, 30, 31, 32, 33], "password": "pbkdf2_sha256$20000$wc0pHD2UBkSW$NAphYOGzHk235Wytk3B4IrQTpeDfnvsCYJFGY5kWC0Y=", "email": "", "date_joined": "2016-04-20T22:56:41Z"}, "model": "auth.user", "pk": 3}, {"fields": {"username": "pool", "first_name": "", "last_name": "", "is_active": true, "is_superuser": false, "is_staff": true, "last_login": "2016-06-20T23:02:26.517Z", "groups": [], "user_permissions": [25, 26, 27, 40, 41, 42, 37, 38, 39, 34, 35, 36, 22, 23, 24, 28, 29, 30, 31, 32, 33], "password": "pbkdf2_sha256$20000$2N96McnEaNg7$GW26Li0wDbctI4nobCagRehR9dRdxdPkAUwyNSqw/mw=", "email": "", "date_joined": "2016-06-20T22:58:00Z"}, "model": "auth.user", "pk": 4}, {"fields": {"action_flag": 3, "action_time": "2016-04-20T18:52:14.164Z", "object_repr": "admin", "object_id": "2", "change_message": "", "user": 1, "content_type": 4}, "model": "admin.logentry", "pk": 1}, {"fields": {"action_flag": 1, "action_time": "2016-04-20T22:56:41.833Z", "object_repr": "ari", "object_id": "3", "change_message": "", "user": 1, "content_type": 4}, "model": "admin.logentry", "pk": 2}, {"fields": {"action_flag": 2, "action_time": "2016-04-20T22:57:06.010Z", "object_repr": "ari", "object_id": "3", "change_message": "Changed is_staff and user_permissions.", "user": 1, "content_type": 4}, "model": "admin.logentry", "pk": 3}, {"fields": {"action_flag": 1, "action_time": "2016-04-21T23:17:26.047Z", "object_repr": "productos", "object_id": "3", "change_message": "", "user": 3, "content_type": 8}, "model": "admin.logentry", "pk": 4}, {"fields": {"action_flag": 2, "action_time": "2016-04-22T01:15:39.565Z", "object_repr": "inicio", "object_id": "1", "change_message": "Added block \"9 - block 4 - ubicacion\". Changed name for block \"3 - block 3 - location\". Deleted title \"NUESTRO COMPROMISO\". Changed content for title \"NUESTRO COMPROMISO\". Added title \"VISITA NUESTRO SHOWROOM EN TIJUANA\". Deleted paragraph \"En Notable ma\u0301s alla\u0301 de adquirir un mueble de calidad, esta\u0301s comprando una pieza de disen\u0303o tan bella, funcional y confortable, que sabemos que vivira\u0301s en ella momentos inolvidables.\". Added paragraph \"En Notable ma\u0301s alla\u0301 de adquirir un mueble de calidad, esta\u0301s comprando una pieza de disen\u0303o tan bella, funcional y confortable, que sabemos que vivira\u0301s en ella momentos inolvidables.\". Deleted image \"/images/placeholder.png\". Added image \"/images/placeholder.png\". Deleted button \"/ubicacion\". Added button \"/contacto\".", "user": 3, "content_type": 8}, "model": "admin.logentry", "pk": 5}, {"fields": {"action_flag": 2, "action_time": "2016-04-28T19:36:45.541Z", "object_repr": "productos", "object_id": "3", "change_message": "Added slide \"\". Changed image for slide \"\". Changed image for slide \"\". Changed image for slide \"\". Changed src for image \"/images/productos-detalles.jpg\". Changed src for image \"/images/productos-showroom-sign.jpg\".", "user": 1, "content_type": 8}, "model": "admin.logentry", "pk": 6}, {"fields": {"action_flag": 2, "action_time": "2016-04-30T17:20:52.586Z", "object_repr": "contacto", "object_id": "5", "change_message": "Changed content for paragraph \"Para cualquier pregunta o comentario sobre nuestros productos y servicios por favor completa la siguiente forma:\". Deleted paragraph \"Para cualquier pregunta o comentario sobre nuestros productos y servicios por favor completa la siguiente forma:\". Changed src for image \"/images/contacto_map.jpg\". Added button \"http://facebook.com\".", "user": 1, "content_type": 8}, "model": "admin.logentry", "pk": 7}, {"fields": {"action_flag": 2, "action_time": "2016-05-24T14:07:55.675Z", "object_repr": "productos", "object_id": "3", "change_message": "Changed image for slide \"\". Changed image for slide \"\". Changed image for slide \"\". Changed image for slide \"\".", "user": 1, "content_type": 8}, "model": "admin.logentry", "pk": 8}, {"fields": {"action_flag": 2, "action_time": "2016-05-24T14:15:30.672Z", "object_repr": "contacto", "object_id": "5", "change_message": "Changed href for button \"https://www.google.com.mx/maps/place/Hip%C3%B3dromo+20,+Hipodromo,+Tijuana,+B.C./@32.5073837,-116.9998885,19z/data=!3m1!4b1!4m2!3m1!1s0x80d9481b72e700cf:0x68dbb7def8274e25?hl=en\".", "user": 1, "content_type": 8}, "model": "admin.logentry", "pk": 9}, {"fields": {"action_flag": 2, "action_time": "2016-05-24T14:16:24.142Z", "object_repr": "contacto", "object_id": "5", "change_message": "Changed href for button \"https://www.google.com.mx/maps/place/Hip%C3%B3dromo+20,+Hipodromo,+Tijuana,+B.C./@32.5073837,-116.9998885,19z/data=!3m1!4b1!4m2!3m1!1s0x80d9481b72e700cf:0x68dbb7def8274e25?hl=en\". Changed href for button \"https://www.facebook.com/notablemobiliario/\".", "user": 1, "content_type": 8}, "model": "admin.logentry", "pk": 10}, {"fields": {"action_flag": 2, "action_time": "2016-05-24T14:59:19.053Z", "object_repr": "inicio", "object_id": "1", "change_message": "Changed image for slide \"El estilo no se hereda\". Changed image, title, button_title and button_url for slide \"DISE\u00d1O DE INTERIORES\". Changed image and title for slide \"MOBILIARIO CONTEMPOR\u00c1NEO\".", "user": 1, "content_type": 8}, "model": "admin.logentry", "pk": 11}, {"fields": {"action_flag": 2, "action_time": "2016-05-25T18:37:37.991Z", "object_repr": "nosotros", "object_id": "2", "change_message": "Changed src for image \"https://www.dropbox.com/s/fz0fgo91vodmn6c/Img-Banner-Slide1-Nosotros.jpg?dl=0\".", "user": 1, "content_type": 8}, "model": "admin.logentry", "pk": 12}, {"fields": {"action_flag": 2, "action_time": "2016-05-25T18:39:40.624Z", "object_repr": "servicios", "object_id": "4", "change_message": "Changed src for image \"https://www.dropbox.com/s/dahx5rf9zj2vb0q/Img_Banner-Interiores.jpg?dl=0\".", "user": 1, "content_type": 8}, "model": "admin.logentry", "pk": 13}, {"fields": {"action_flag": 2, "action_time": "2016-05-25T19:01:41.889Z", "object_repr": "productos", "object_id": "3", "change_message": "Changed image for slide \"\". Changed image for slide \"\". Changed image for slide \"\". Changed image for slide \"\".", "user": 1, "content_type": 8}, "model": "admin.logentry", "pk": 14}, {"fields": {"action_flag": 2, "action_time": "2016-05-25T19:27:26.253Z", "object_repr": "servicios", "object_id": "4", "change_message": "Added slide \"\". Added slide \"\". Added slide \"\". Deleted image \"/images/servicios-block2.jpg\".", "user": 1, "content_type": 8}, "model": "admin.logentry", "pk": 15}, {"fields": {"action_flag": 2, "action_time": "2016-05-25T19:45:26.626Z", "object_repr": "productos", "object_id": "3", "change_message": "Changed image for slide \"\". Changed image for slide \"\". Changed image for slide \"\". Changed image for slide \"\".", "user": 1, "content_type": 8}, "model": "admin.logentry", "pk": 16}, {"fields": {"action_flag": 2, "action_time": "2016-05-27T00:24:55.453Z", "object_repr": "nosotros", "object_id": "2", "change_message": "Changed content for title \"MOBILIARIO CONTEMPOR\u00c1NEO\".", "user": 1, "content_type": 8}, "model": "admin.logentry", "pk": 17}, {"fields": {"action_flag": 2, "action_time": "2016-05-27T00:35:33.510Z", "object_repr": "nosotros", "object_id": "2", "change_message": "No fields changed.", "user": 1, "content_type": 8}, "model": "admin.logentry", "pk": 18}, {"fields": {"action_flag": 2, "action_time": "2016-05-27T00:36:05.328Z", "object_repr": "nosotros", "object_id": "2", "change_message": "Changed alt for image \"https://www.dropbox.com/s/fz0fgo91vodmn6c/Img-Banner-Slide1-Nosotros.jpg?dl=0\".", "user": 1, "content_type": 8}, "model": "admin.logentry", "pk": 19}, {"fields": {"action_flag": 2, "action_time": "2016-05-27T00:38:24.889Z", "object_repr": "nosotros", "object_id": "2", "change_message": "Changed content for title \"QUI\u00c9NES SOMOS\". Changed content for title \"DISE\u00d1O \u00daNICO\". Changed content for title \"COORDINACI\u00d3N\". Changed content for paragraph \"Disen\u0303amos mobiliario contempor\u00e1neo con el objetivo de crear espacios \u00fanicos y confortables.\". Changed content for paragraph \"Crear mobiliario contempor\u00e1neo que cautive por la belleza de su disen\u0303o, sorprenda por su comodidad y que presuma la calidad de sus materiales.\". Changed content for paragraph \"Somos una marca de muebles e interiores contempor\u00e1neos, destinada a crear espacios \u00fanicos y confortables, ofreciendo disen\u0303o \u00fanico, coordinacio\u0301n y calidad. NOTABLE surge en el 2015 en Tijuana B.C. Me\u0301xico, fundada por arquitectos apasionados por el disen\u0303o de mobiliario y espacios.\". Changed content for paragraph \"Porque somos una empresa de dise\u00f1o y cada pieza es creada\r\npor el equipo de Notable.\". Changed content for paragraph \"Porque todas las piezas est\u00e1n ideadas como un todo para conjugarse en diversos espacios.\". Changed title for button \"/contacto\".", "user": 1, "content_type": 8}, "model": "admin.logentry", "pk": 20}, {"fields": {"action_flag": 2, "action_time": "2016-05-27T00:40:15.073Z", "object_repr": "inicio", "object_id": "1", "change_message": "Changed content for paragraph \"En Notable m\u00e1s all\u00e1 de adquirir un mueble de calidad, esta\u0301s comprando una pieza de dise\u00f1o tan bella, funcional y confortable, que sabemos que vivir\u00e1s en ella momentos inolvidables.\". Changed alt for image \"/images/img_showroom.jpg\". Changed title for button \"/contacto\".", "user": 1, "content_type": 8}, "model": "admin.logentry", "pk": 21}, {"fields": {"action_flag": 2, "action_time": "2016-05-27T00:41:34.740Z", "object_repr": "productos", "object_id": "3", "change_message": "Changed button_title for slide \"PIEZA NOMBRE\". Changed button_title for slide \"PIEZA NOMBRE\". Changed button_title for slide \"PIEZA NOMBRE\". Changed button_title for slide \"PIEZA NOMBRE\". Changed button_title for slide \"PIEZA NOMBRE\". Changed content for title \"COLECCI\u00d3N NOTABLE\". Changed content for paragraph \"Cada una de nuestras piezas la fabricamos prestando especial atenci\u00f3n a cada uno de los detalles constructivos que la conforman, desde la seleccio\u0301n de materiales\r\nde la m\u00e1s alta calidad, hasta el ensamblaje y acabados finos.\". Changed title for button \"/contacto\".", "user": 1, "content_type": 8}, "model": "admin.logentry", "pk": 22}, {"fields": {"action_flag": 2, "action_time": "2016-05-27T00:43:19.812Z", "object_repr": "servicios", "object_id": "4", "change_message": "Changed name for block \"17 - block 2 - DISEN\u0303O CONTEMPORA\u0301NEO\". Changed content for title \"DISE\u00d1O DE INTERIORES\". Changed content for title \"DISE\u00d1O CONTEMPOR\u00c1NEO\". Changed content for title \"CONCEPTUALIZACI\u00d3N\". Changed content for title \"EJECUCI\u00d3N\". Changed content for paragraph \"Hacer realidad tus ideas para que puedas disfrutar durante an\u0303os de la armon\u00eda que proporciona una buena decoraci\u00f3n.\". Changed content for paragraph \"En Notable ofrecemos el servicio de Dise\u00f1o de Interiores que consiste en descubrir las necesidades de nuestro cliente y poder lograr crear espacios funcionales, c\u00e1lidos, confortables y armoniosos.\". Changed content for paragraph \"Reuni\u00f3n en donde conocemos las necesidades y gusto del cliente, as\u00ed como el espacio a trabajar.\". Changed content for paragraph \"Primeras ideas, visualizaci\u00f3n de espacio, proponemos gama de colores, texturas, posibles piezas.\". Changed content for paragraph \"Presentamos en proyecto para revisio\u0301n. Planos arquitect\u00f3nicos, visualizaci\u00f3n de espacios en 3D, muestras de acabados, selecci\u00f3n de muebles, presupuesto de ejecuci\u00f3n de proyecto.\". Changed content for paragraph \"Coordinaci\u00f3n del equipo Nota- ble para desarrollar el dise\u00f1o proyectado.\". Changed alt for image \"https://www.dropbox.com/s/dahx5rf9zj2vb0q/Img_Banner-Interiores.jpg?dl=0\". Changed title for button \"/contacto\".", "user": 1, "content_type": 8}, "model": "admin.logentry", "pk": 23}, {"fields": {"action_flag": 2, "action_time": "2016-05-27T00:43:55.293Z", "object_repr": "contacto", "object_id": "5", "change_message": "Changed content for title \"INFORMACI\u00d3N DE CONTACTO\". Changed content for title \"CONT\u00c1CTANOS\". Changed content for paragraph \"Av Hip\u00f3dromo 19-103, Colonia\". Changed content for paragraph \"Hip\u00f3dromo Tijuana BC, CP. 22420\".", "user": 1, "content_type": 8}, "model": "admin.logentry", "pk": 24}, {"fields": {"action_flag": 2, "action_time": "2016-05-27T00:59:40.176Z", "object_repr": "productos", "object_id": "3", "change_message": "Added slide \"Maia\". Added slide \"Ordes\". Added slide \"Sintra\". Added slide \"Alassio\". Added slide \"Alassio\". Added slide \"Almeira\". Added slide \"Braga\". Added slide \"Breto\". Added slide \"Brion\". Added slide \"Brion\". Changed image, title and content for slide \"Luso\". Changed image, title and content for slide \"Product Leira\".", "user": 1, "content_type": 8}, "model": "admin.logentry", "pk": 25}, {"fields": {"action_flag": 2, "action_time": "2016-05-27T01:02:27.590Z", "object_repr": "productos", "object_id": "3", "change_message": "Added slide \"Arezzo\". Added slide \"Concorde\". Added slide \"Coria\". Added slide \"Girona\". Changed image, title and content for slide \"Lyon\". Changed image, title and content for slide \"Pavia\".", "user": 1, "content_type": 8}, "model": "admin.logentry", "pk": 26}, {"fields": {"action_flag": 2, "action_time": "2016-05-27T01:06:21.537Z", "object_repr": "productos", "object_id": "3", "change_message": "Added slide \"Mantua\". Added slide \"Novara\". Added slide \"Palermo\". Added slide \"Siena\". Added slide \"Varzi\". Added slide \"Corval\". Added slide \"Cassino\". Added slide \"Finisterra\". Changed image, title and content for slide \"Lugo\". Changed image, title and content for slide \"Lugo\".", "user": 1, "content_type": 8}, "model": "admin.logentry", "pk": 27}, {"fields": {"action_flag": 2, "action_time": "2016-05-27T01:08:38.850Z", "object_repr": "inicio", "object_id": "1", "change_message": "Changed image for slide \"MOBILIARIO CONTEMPOR\u00c1NEO\".", "user": 1, "content_type": 8}, "model": "admin.logentry", "pk": 28}, {"fields": {"action_flag": 2, "action_time": "2016-06-14T22:40:25.858Z", "object_repr": "productos", "object_id": "3", "change_message": "Added slide \"\". Added slide \"\". Added slide \"\". Added slide \"\". Deleted image \"/images/productos-showroom-sign.jpg\".", "user": 1, "content_type": 8}, "model": "admin.logentry", "pk": 29}, {"fields": {"action_flag": 2, "action_time": "2016-06-14T22:43:18.439Z", "object_repr": "productos", "object_id": "3", "change_message": "Changed title for slide \"SHOWROOM\". Changed title for slide \"SHOWROOM\". Changed title for slide \"SHOWROOM\". Changed title for slide \"SHOWROOM\".", "user": 1, "content_type": 8}, "model": "admin.logentry", "pk": 30}, {"fields": {"action_flag": 2, "action_time": "2016-06-14T22:44:42.254Z", "object_repr": "inicio", "object_id": "1", "change_message": "Changed src for image \"https://www.dropbox.com/s/2h1varw7k7wtauj/Img-Showroom2.jpg?dl=0\".", "user": 1, "content_type": 8}, "model": "admin.logentry", "pk": 31}, {"fields": {"action_flag": 2, "action_time": "2016-06-14T22:46:41.587Z", "object_repr": "productos", "object_id": "3", "change_message": "Changed title for slide \"Leia\". Changed title for slide \"Alessio\". Changed title for slide \"Alessio\".", "user": 1, "content_type": 8}, "model": "admin.logentry", "pk": 32}, {"fields": {"action_flag": 1, "action_time": "2016-06-20T22:58:00.430Z", "object_repr": "pool", "object_id": "4", "change_message": "", "user": 1, "content_type": 4}, "model": "admin.logentry", "pk": 33}, {"fields": {"action_flag": 2, "action_time": "2016-06-20T22:58:16.953Z", "object_repr": "pool", "object_id": "4", "change_message": "Changed user_permissions.", "user": 1, "content_type": 4}, "model": "admin.logentry", "pk": 34}, {"fields": {"action_flag": 2, "action_time": "2016-06-20T22:58:25.820Z", "object_repr": "pool", "object_id": "4", "change_message": "Changed is_staff.", "user": 1, "content_type": 4}, "model": "admin.logentry", "pk": 35}]