[{"model": "builder.section", "pk": 1, "fields": {"name": "inicio", "slug": "inicio", "order": 0}}, {"model": "builder.section", "pk": 2, "fields": {"name": "nosotros", "slug": "nosotros", "order": 0}}, {"model": "builder.section", "pk": 3, "fields": {"name": "productos", "slug": "productos", "order": 0}}, {"model": "builder.block", "pk": 1, "fields": {"name": "block1 - slider", "order": 0, "section": 1}}, {"model": "builder.block", "pk": 2, "fields": {"name": "block2 - products", "order": 0, "section": 1}}, {"model": "builder.block", "pk": 4, "fields": {"name": "block1 - banner", "order": 0, "section": 2}}, {"model": "builder.block", "pk": 5, "fields": {"name": "block2 - compromiso", "order": 0, "section": 2}}, {"model": "builder.block", "pk": 6, "fields": {"name": "block 3 - quienes somos", "order": 0, "section": 2}}, {"model": "builder.block", "pk": 7, "fields": {"name": "block4 - mobiliario", "order": 0, "section": 2}}, {"model": "builder.block", "pk": 8, "fields": {"name": "block 3 - compromiso", "order": 0, "section": 1}}, {"model": "builder.block", "pk": 9, "fields": {"name": "block 4 - ubicacion", "order": 0, "section": 1}}, {"model": "builder.block", "pk": 10, "fields": {"name": "block1 - slider", "order": 0, "section": 3}}, {"model": "builder.block", "pk": 11, "fields": {"name": "block2 - detalles", "order": 0, "section": 3}}, {"model": "builder.block", "pk": 12, "fields": {"name": "block 3 - slider livingroom", "order": 0, "section": 3}}, {"model": "builder.block", "pk": 13, "fields": {"name": "block 4 - slider dining", "order": 0, "section": 3}}, {"model": "builder.block", "pk": 14, "fields": {"name": "block 5 - slider bedroom", "order": 0, "section": 3}}, {"model": "builder.block", "pk": 15, "fields": {"name": "block 6 - showroom", "order": 0, "section": 3}}, {"model": "builder.slide", "pk": 1, "fields": {"image": "/images/placeholder.png", "title": "El estilo no se hereda", "button_title": "Productos", "button_url": "/productos", "content": "", "block": 1}}, {"model": "builder.slide", "pk": 2, "fields": {"image": "/images/placeholder.png", "title": "El estilo no se hereda", "button_title": "Productos", "button_url": "/productos", "content": "", "block": 1}}, {"model": "builder.slide", "pk": 3, "fields": {"image": "/images/placeholder.png", "title": "El estilo no se hereda", "button_title": "Productos", "button_url": "/productos", "content": "", "block": 1}}, {"model": "builder.slide", "pk": 4, "fields": {"image": "/images/placeholder.png", "title": "", "button_title": "", "button_url": "", "content": "", "block": 10}}, {"model": "builder.slide", "pk": 5, "fields": {"image": "/images/placeholder.png", "title": "", "button_title": "", "button_url": "", "content": "", "block": 10}}, {"model": "builder.slide", "pk": 6, "fields": {"image": "/images/placeholder.png", "title": "", "button_title": "", "button_url": "", "content": "", "block": 10}}, {"model": "builder.slide", "pk": 7, "fields": {"image": "/images/placeholder.png", "title": "PIEZA NOMBRE", "button_title": "CONTA\u0301CTANOS", "button_url": "/contacto", "content": "Texto descriptivo materiales y acabados Dimensiones", "block": 12}}, {"model": "builder.slide", "pk": 8, "fields": {"image": "/images/placeholder.png", "title": "PIEZA NOMBRE", "button_title": "CONTA\u0301CTANOS", "button_url": "/contacto", "content": "Texto descriptivo materiales y acabados Dimensiones", "block": 12}}, {"model": "builder.slide", "pk": 9, "fields": {"image": "/images/placeholder.png", "title": "PIEZA NOMBRE", "button_title": "CONTA\u0301CTANOS", "button_url": "/contacto", "content": "Texto descriptivo materiales y acabados Dimensiones", "block": 13}}, {"model": "builder.slide", "pk": 10, "fields": {"image": "/images/placeholder.png", "title": "PIEZA NOMBRE", "button_title": "CONTA\u0301CTANOS", "button_url": "/contacto", "content": "Texto descriptivo materiales y acabados Dimensiones", "block": 13}}, {"model": "builder.slide", "pk": 11, "fields": {"image": "/images/placeholder.png", "title": "PIEZA NOMBRE", "button_title": "CONTA\u0301CTANOS", "button_url": "/contacto", "content": "Texto descriptivo materiales y acabados Dimensiones", "block": 14}}, {"model": "builder.slide", "pk": 12, "fields": {"image": "/images/placeholder.png", "title": "PIEZA NOMBRE", "button_title": "CONTA\u0301CTANOS", "button_url": "/contacto", "content": "Texto descriptivo materiales y acabados Dimensiones", "block": 14}}, {"model": "builder.title", "pk": 1, "fields": {"content": "LIVINGROOM", "block": 2}}, {"model": "builder.title", "pk": 2, "fields": {"content": "DINING", "block": 2}}, {"model": "builder.title", "pk": 3, "fields": {"content": "BEDROOM", "block": 2}}, {"model": "builder.title", "pk": 6, "fields": {"content": "MOBILIARIO CONTEMPORA\u0301NEO", "block": 4}}, {"model": "builder.title", "pk": 7, "fields": {"content": "NUESTRO COMPROMISO", "block": 5}}, {"model": "builder.title", "pk": 8, "fields": {"content": "QUIE\u0301NES SOMOS", "block": 6}}, {"model": "builder.title", "pk": 9, "fields": {"content": "MOBILIARIO NOTABLE", "block": 7}}, {"model": "builder.title", "pk": 10, "fields": {"content": "DISEN\u0303O U\u0301NICO", "block": 7}}, {"model": "builder.title", "pk": 11, "fields": {"content": "COORDINACIO\u0301N", "block": 7}}, {"model": "builder.title", "pk": 12, "fields": {"content": "CALIDAD", "block": 7}}, {"model": "builder.title", "pk": 13, "fields": {"content": "NUESTRO COMPROMISO", "block": 8}}, {"model": "builder.title", "pk": 14, "fields": {"content": "VISITA NUESTRO SHOWROOM EN TIJUANA", "block": 9}}, {"model": "builder.title", "pk": 15, "fields": {"content": "COLECCIO\u0301N NOTABLE", "block": 10}}, {"model": "builder.title", "pk": 16, "fields": {"content": "EL PODER DE LOS DETALLES", "block": 11}}, {"model": "builder.title", "pk": 17, "fields": {"content": "LIVINGROOM", "block": 12}}, {"model": "builder.title", "pk": 18, "fields": {"content": "DINING", "block": 13}}, {"model": "builder.title", "pk": 19, "fields": {"content": "BEDROOM", "block": 14}}, {"model": "builder.title", "pk": 20, "fields": {"content": "SHOWROOM", "block": 15}}, {"model": "builder.title", "pk": 21, "fields": {"content": "2016", "block": 10}}, {"model": "builder.paragraph", "pk": 2, "fields": {"content": "Disen\u0303amos mobiliario contempora\u0301neo con el objetivo de crear espacios u\u0301nicos y confortables.", "block": 4}}, {"model": "builder.paragraph", "pk": 3, "fields": {"content": "Crear mobiliario contempora\u0301neo que cautive por la belleza de su disen\u0303o, sorprenda por su comodidad y que presuma la calidad de sus materiales.", "block": 5}}, {"model": "builder.paragraph", "pk": 4, "fields": {"content": "Somos una marca de muebles e interiores contempora\u0301neos, destinada a crear espacios u\u0301nicos y confortables, ofreciendo disen\u0303o u\u0301nico, coordinacio\u0301n y calidad. NOTABLE surge en el 2015 en Tijuana B.C. Me\u0301xico, fundada por arquitectos apasionados por el disen\u0303o de mobiliario y espacios.", "block": 6}}, {"model": "builder.paragraph", "pk": 5, "fields": {"content": "Porque somos una empresa de disen\u0303o y cada pieza es creada\r\npor el equipo de Notable.", "block": 7}}, {"model": "builder.paragraph", "pk": 6, "fields": {"content": "Porque todas las piezas esta\u0301n ideadas como un todo para conjugarse en diversos espacios.", "block": 7}}, {"model": "builder.paragraph", "pk": 7, "fields": {"content": "Porque cada uno de los materiales son seleccionados por su durabili- dad y calidad este\u0301tica, y a su vez, tratados por manos expertas.", "block": 7}}, {"model": "builder.paragraph", "pk": 8, "fields": {"content": "En Notable ma\u0301s alla\u0301 de adquirir un mueble de calidad, esta\u0301s comprando una pieza de disen\u0303o tan bella, funcional y confortable, que sabemos que vivira\u0301s en ella momentos inolvidables.", "block": 8}}, {"model": "builder.paragraph", "pk": 9, "fields": {"content": "Estilo contempora\u0301neo, gama de colores neutros, textiles de alta calidad y\r\nmaderas como nogal, encino, roble\r\ny metales como cromo y acero inoxidable.", "block": 10}}, {"model": "builder.paragraph", "pk": 10, "fields": {"content": "Cada una de nuestras piezas la fabricamos prestando especial atencio\u0301n a cada uno de los detalles constructivos que la conforman, desde la seleccio\u0301n de materiales\r\nde la ma\u0301s alta calidad, hasta el ensamblaje y acabados finos.", "block": 11}}, {"model": "builder.paragraph", "pk": 11, "fields": {"content": "Visita nuestro showroom y conoce de cerca nuestros productos.", "block": 15}}, {"model": "builder.image", "pk": 1, "fields": {"src": "/images/placeholder.png", "alt": "ver productos", "block": 2}}, {"model": "builder.image", "pk": 2, "fields": {"src": "/images/placeholder.png", "alt": "ver productos", "block": 2}}, {"model": "builder.image", "pk": 3, "fields": {"src": "/images/placeholder.png", "alt": "ver productos", "block": 2}}, {"model": "builder.image", "pk": 5, "fields": {"src": "/images/placeholder.png", "alt": "MOBILIARIO CONTEMPORA\u0301NEO", "block": 4}}, {"model": "builder.image", "pk": 6, "fields": {"src": "/images/placeholder.png", "alt": "NUESTRO COMPROMISO", "block": 5}}, {"model": "builder.image", "pk": 7, "fields": {"src": "/images/placeholder.png", "alt": "UBICACIO\u0301N", "block": 9}}, {"model": "builder.image", "pk": 8, "fields": {"src": "/images/placeholder.png", "alt": "el poder de los detalles", "block": 11}}, {"model": "builder.image", "pk": 9, "fields": {"src": "/images/placeholder.png", "alt": "Visita nuestro showroom", "block": 15}}, {"model": "builder.button", "pk": 1, "fields": {"href": "/productos", "title": "Ver productos", "block": 2}}, {"model": "builder.button", "pk": 2, "fields": {"href": "/productos", "title": "Ver productos", "block": 2}}, {"model": "builder.button", "pk": 3, "fields": {"href": "/productos", "title": "Ver productos", "block": 2}}, {"model": "builder.button", "pk": 5, "fields": {"href": "/contacto", "title": "CONTA\u0301CTANOS", "block": 5}}, {"model": "builder.button", "pk": 6, "fields": {"href": "/contacto", "title": "UBICACIO\u0301N", "block": 9}}, {"model": "builder.button", "pk": 7, "fields": {"href": "/contacto", "title": "CONTA\u0301CTANOS", "block": 10}}, {"model": "builder.button", "pk": 8, "fields": {"href": "/contacto", "title": "UBICACI\u00d3N", "block": 15}}]